S10060201,ANCT,HSSC,GLDR
S10051004,AOSC,CESC,U33S,BPSK
S08112301,AWWB
S08111205,AWWB
S08101004,AWWB,NLSC
S08092601,AWWB,TBSC,JINK
S10051105,BGDI,SPSC,SOCT,MODI,J12C,SNCT,HSSC,MKSC,DGDI
S08102701,BJSC
S08091601,BNDC
S10081001,BRSC
S08080301,BRSC,OESC
S08100301,BRSC,TCSS,SEDI
S08081803,BYWB
S10071001,BZNK,DDSC
S10040701,BZNK,SYNK
S08080609,CBWB
S08093005,CBWB,TRSC,LEWB,TKWB,NNWB,MTWB
S10050701,CESC,FDSK,NYSC,HKNK
S10082303,CESC,NYSC,KEOS,NSOS
S08102603,CESS,PASS
S10071902,CISC,STDC,AWWB,QGSC,BNDC,RDSS,SOCT,CYOS,PYOS
S08092701,CKWB,SEWB
S08093003,CKWB,SEWB
S08093006,CKWB,SEWB,INSC
S08071702,CPSC
S08092804,CRSC
S08091602,CRSC
S10053102,CRSC,GANC,GYOS
S08102901,CWSC
S10052902,CWSC,JDSC
S08071901,CWSC,SSSC,BDSC
S08082802,CWSC,SSSC,Y5SK,FRSK,TESK
S08082901,CWSS
S08110901,DDSC
S08112404,DDSC
S08102501,DDSC,BRSC
S08080611,DDSC,MNSC,WESC,SMSC
S08091501,DDSC,WESC
S08092202,DGDI
S10040601,DGDI,MTDI
S08092201,DGDI,RPSC
S10081607,DGDI,SEDI
S10082004,DHDI,SOCT,KSNC,RDSS,HKNK
S08081804,DPSC
S10072801,DPSC
S10051802,ERCT,SNCT,MENK,VTCT,SUSS
S08120502,ERCT,VTCT
S10040605,FDSK
S08110802,FDSK
S10061101,FDSK
S08110903,FDSK,KSNC
S10041601,FDSK,NHCT,KSNC,NECF,SESC,BGDI,SMSC,GANC,BZNK,IMSC,CRSC,SEDI
S08081707,FEWB,WPDR,BBSK,Y3SK
S10041604,FFNC
S08072805,FFNC,PLNC,DGSC
S08071501,FNCT
S10041907,FNCT,VENK,MTDI
S08091802,FRSC
S10082302,FRSK
S08112501,FRSK,STNK,U20N,NENK,KKNK,ETNK,PDNK,FTSC,HEWB
S10081605,FRSK,VGSK,DGSC,FESK
S10071803,FRWB,EXOS,SKOS
S08072002,FRWB,PNNC,THWB,NHWB,CWWB,DUWB,GEWB,LKWB,CEWB,HTWB,REWB,AWWB,NNWB,HEWB,DEWB,MHWB,OLWB,IHWB
S08101501,FTSC
S08072502,FTSC,IHWB,MNWB,LEWB,LKWB,BOWB,BTWB,PTWB,ZTWB
S10072203,FYDC,BPSK
S10051003,FYDC,DDSC,EXSK,WESC,TSSK
S10071801,GANC,WESC,DDSC
S10060104,GBSC
S10051602,GBSC,MENK
S10051804,GBSC,OASC
S10072701,GBSC,OASC
S10062402,GBSC,SPSC,OASC
S08082701,GYNK
S08072602,HKNK
S08111302,HKNK,CPSC
S08111303,HSDC
S08112401,HSSC
S08091507,HYSS,GISS
S08093004,INSC
S10070805,IYSC,FKSK,NHCT,NECF,OESC,CRSC,NOSM,GANC
S10051801,J12C,MKSC,SRDI,DGDI
S08072201,JDSC,DDSC
S10051303,JDSC,VENK
S08081501,JINK
S08092105,JWSS
S10071901,JWSS,FTSC,VENK
S10052701,JYDK,TMDK
S08111301,KSNC
S08091402,KSNC
S10040201,KSNC
S08080502,KSNC,FDSK,SSSC
S08072701,KSNC,HNSC,CRSC,MNWB,HEWB,BESC,IODI,HKNK,THWB,IHWB,LKWB,BTWB,NHCT,RXSC,NECF,NHWB,MRCR
S08120904,KSNC,NECF,SYSC,NHCT,CMDK
S10081701,LESM,RRWB
S08080607,LEWB
S10082203,LPWB,BESK,SXNK,BDSC
S08080501,LSWB
S10061702,MENK,SEDI
S10060101,MHWB,CMDK,MODI,OLWB,PEDI,WMSC,BNDC,RKSS,FNCR,MEDI,PNNC,THWB,J12C,MLSC
S08093001,MHWB,GEWB,NASC,BEWB,PHSC,THWB,BWDI,OLWB
S10061703,MHWB,OLWB,TESK
S10062201,MISS,VENK,IYSC,BSNC,RDSS,CRSC,SOCT,ERCT,GANC
S08102602,MISS,QOSS,BSNC
S10050601,MKSC,J12C,MISS
S08091504,MKSC,MNSC
S10062306,MODI,SEDI,DGDI,MHWB,PNNC,PTSC,J12C,MKSC,MRCR,FNCT,OLWB,TESK,IEWB,MEDI,NHWB,BGDI,BEWB,BWDI
S10072301,MSOS,SXNK,FFNC
S10082204,MYSK
S08080603,NASC,J2SC
S10050604,NECF
S08071701,NECF
S10040401,NECF,NHCT
S10060202,NECF,VLSS,NYSC,CESC
S08091502,NHCT
S10061301,NHWB,ERCT,OESC,SESC,SUSS,KSNC,DGSC
S10052603,NLSC,AWWB
S08092101,NOSM
S08072104,NSDK
S08120903,NSDK,STSC
S10082002,NYSC,FDSK,CESC,KEOS
S08112403,OASC
S10062302,OLWB,GBSC,TESK
S08080602,OLWB,MHWB
S08091801,ORSC,VTCT,TESC,RNSC,PTDC,J8SC,U12S,WESC
S08091603,PESS,CRSC,SESR
S10061002,PLNC,HYSS,LSWB,GESC
S10062202,PLNC,WESS
S08081801,PNNC
S08080601,PNNC,REWB,SBSC
S10071702,QGSC,NYSC,CESC
S08110501,RDSS
S10082003,RDSS,OESC,DHDI
S10071503,RDSS,SOCT,CMDK,CXWB,FNCR,SYSC,SESS
S08091403,RDSS,SUSS,SOCT
S10071501,REWB
S08101001,REWB,LOSC,OLWB,MHWB
S08093002,RPSC,PPSC,NTWB
S08072601,RPSC,SRDI
S08072101,SBSC,FGSC
S10051106,SEDI,ERCT
S10040303,SESC,HSSC,CMDK,SCSC,OESC
S08111001,SESC,OESC
S10040606,SESC,OESC
S08080403,SESC,OESC
S10041102,SESC,VENK,FNCT,CESS,CRSC,SMSC,GANC,FTSC,SCSC,BSNC,OESC
S08082601,SESR
S08110703,SMSC,MNSC
S10070601,SMSC,MNSC
S10060301,SNCT,SMSC,GESC,VENK,DDSC,MENK,CSSC,FTSC,WESC
S10041803,SNDI,NSDK
S08091503,SPSC,BRSC
S08092107,SQSC
S08072003,SRDI,RPSC
S08111202,SSSC
S08081806,STDC,PEDC,PTDC,BDSC
S10052004,STSC
S10041804,SUSS,TENC
S10042701,SYSC,CMDK,NHCT,IMSC,NECF,BZNK,GANC
S10071002,TBSC
S08080407,TBSC,CRSC
S08080406,TBSC,JINK
S10052002,TBSC,JINK,CRSC
S10040203,TBSC,JINK,WESK
S08110704,TCSS,SESR
S08112402,TESC,ORSC
S10070804,TLFN
S10071701,TLFN
S08112405,TLFN
S10052103,TLFN
S10061003,TLFN
S10061902,TLFN
S10071802,TLFN
S08092104,TPSS
S08092106,TPSS,CESS,WESS
S08102502,U15S,CBWB,MEDI
S10052101,U38O,KSNC,TESC,BSNC,SESC,FDSK
S10082301,VGSK
S10052702,WESS,SKSM
S08101601,BTDI,ORWB,PTSC,ERWB,CRWB,CRSC,DPSC,LPWB,SRWB,NASC,CXWB,TDWB,SHSC,BWDI,TBWB,NTWB,RPSC,PPSC,BNDI,SESC,GRSC,JKWB
S08101602,CBWB,INSC,IHWB,KEWB,RNWB,JSWB,IEWB,BESK,THWB
S10040603,CESS,SNCT,CSSC,WESC,BRSC,VENK,BHNK,MENK,KKNK,DENK,FTSC
S10072901,CMDK,RDSS,IYSC,GANC,BZNK,SEDI,CRSC,MODI,OLWB,DGDI,HKNK,NHCT,GYOS,FNCT,IHWB,BTDI,NECF,PEDI
S10062702,CPSC,GANC,SNDI,HKNK,MODI,MKSC,SUSS,CMDK,FNCT,CSSC,NECF,RDSS,SOCT,SYSC,PASS
S10041603,CRSC,GANC,SYNK,MENK,HKNK,DGDI,FNCT,KLDI,MTDI,NECF,CPSC,BZNK
S08071801,CSSC,OESC,SESC
S10052706,DGDI,BSNC,DHDI,MHWB,KLDI,BPSK,RTDI,SDDI,REWB,OLWB,MKSC,J12C
S08080405,DGDI,FNCT,GRSC,DEDI,IODI
S10061901,DHDI,IYSC,NHWB,FRSK,BJSC
S08081101,DPSC,SESC,FRWB,FRSC,TBSC,MNSC,NLSC
S10061004,FFNC,SXNK,BSNC
S10060204,FNCT,JINK,TBSC,MTDI,FTSC,KLDI,LKWB
S10061501,IHWB,GLDR,LLSS,WESS,MNWB,LKWB,BSNC,DENK,WPDR,KLDI,U40S
S08080304,IODI,BRSC,BWDI,BEWB,FNCT,JDSC,FKDI,HTDI,IHWB,BNDI,SDDI,DGDI,CSSC,NTWB,UODC
S10042702,J12C,TOSC,MKSC,RTDI,CXWB
S10062601,JINK,TBSC,FNCT,KLDI,LKWB,MNWB
S08120901,KEWB,BEWB,LKWB,IEWB,TBWB,BNDI
S10062701,LKWB,CMDK,PASS,RDSS,SYSC,NHCT,NECF,TESK,KSNC,FNCT,SOCT,REWB,HKNK,MKSC,J12C,IYSC,CPSC,SEDI,CSSC,MODI,DGDI,OLWB,BGDI,PNNC,SUSS,CRSC,UODC,MHWB,SYNK,PEDI,TBSC
S08091508,LLSS,VLSS,TCSS,BNDC,J6SS,BSNC,STDC,BESK
S08072103,NHCT
S08102503,PHSC,BWDI,SLDI,DPSC,BEDI,PNNC,CASC
S10061503,PLNC,BNDC,SDCR,FNCR
S08081502,PNNC,OLWB,MHWB,DPSC,UODC
S08071703,PTSC,DPSC,PPSC,INSC,CRSC
S10072303,RDSS,SOCT,TEOS,UAOS
S08080305,REWB,PTSC,LKWB,MHWB,OLWB,LOSC,GRSC
S10060205,RPSC,NYSC,SXNK,PHSC,FFNC,FNCT,KLDI,MODI
S08100701,RRSR,WKSR
S10041801,RTDI,RDSS,SSDI,OLWB,TOSC,GESC,SOCT
S08092602,SESR,TPSS,RKSS,GNSK,TCSS,MLSS,TASS,Y8SS,SOCT
S10050602,SNCT,CPSC,J12C,BRSC,SYNK,MODI,FGSC,SOCT,RDSS,DDSC,MKSC,NHWB,SNDI,MISS,CSSC,MRCR
S10041702,SNCT,SNDI
S10072802,SYNK,DPSC
S08071902,SYSC,KSNC,SESC,FTSC,CASC,SPSC,TLFN
S08101002,TBSC,NLSC,LKWB,JINK,AWWB,GYNK
S08100302,TBSC,RDSS,JINK
S08080303,VFIN,BNDC,FYDC,NSDK,PNNC,UODC,TLFN,STSC
S08081805,VGSK,FESK,HDSK,SESK,PTSK,BESK,GLDR,FRSK,GNSK,CRSC,BCSK,SOCT
S10042201,AEOS,CROS,TMOS,CEOS,CHOS,HEOS,SRSM,DEOS,HROS,QNOS,MMOS,WSOS,U33O
S08072804,BDSC
S08091505,BESK
S10051901,BJSC,FFNC,EOSS
S10052703,BLSM
S10072803,BRSC
S08072603,BRSC
S10052801,BSNC,BNDC,WESS,CWSS,PXOS
S10060203,WMSC,BTDI,BGDI,TNDI,SPSC,SSSC,PNSC
S10061001,PLNC
S10061102,CCNC,FFNC,SXNK,GYOS,LWNK,Y10N
S10041103,CESC,WESC,NYSC
S10060901,CESS,JWSS,DGSC,SDSM
S08100702,CESS,MISS,BSNC
S10040604,CMDK,BRSC,SYSC
S10051007,CPSC
S10042001,CPSC,HKNK,HSSC,IMSC,GESC,FASC
S10070802,CPSC,NOSM,FGSC,BZNK,MEDI,SPSC,SEDI,MLSC,BWDI,MHWB,UODC,PNNC
S10052704,CPSC,ZTWB,PDNK,AXOS,TMDK,BYOS,DROS,HNOS,EOOS
S10072805,CRSC,GANC,NECF,MODI,BGDI,BRSC,SOCT,RDSS,CMDK,JDSC
S10051201,CRSC,PASS
S08092802,CSSC,BRSC
S10070803,DDSC,DGSC,CSSC
S10041904,DDSC,NECF,BZNK,NHCT
S10051002,DDSC,WESC
S10050702,DENK,CWSS,MKSK,FKSK,TPSS,WPDR
S08072802,DPSC,FNCT,PHSC,LKWB,SBSC,OLWB,FGSC,DGDI,BRSC,MHWB
S10051102,DPSC,KSNC,MEDI
S10062301,ERCT,GYOS,SNCT
S10050603,FESK,SSSC,VGSK,DTSK
S08081702,FFNC,WDDR,GLDR
S10071502,FGSC,MRCR,NHWB,CSSC,DDSC
S08093007,FNCT,DEDI,DGDI,SESC,JDSC
S10042301,FTSC,CESS
S10052802,FTSC,WESK,VENK
S10060903,GBSC,HKNK
S10062303,GBSC,OASC,SPSC
S10053106,GEWB,GLDR
S08101003,GLDR
S10060102,GLDR,SESS
S10051001,GYNK,FASC,NSDK
S08101101,HKNK,CWSC,CPSC
S10051601,HKNK,FNCT,MNWB,MTDI,MKSC,J12C,DGDI,SYSC,BGDI,SOCT,RDSS
S10051006,HKNK,VGSK,DTSK,FESK,FDSK,SSSC,CESC,NYSC
S10042202,HLSM
S10051108,HSSC,BGDI
S10052605,IMSC,CRSC,BSNC,HKNK,HSSC,ANCT
S10080504,J8SC,CBWB,TRSC,NOSM
S08100303,JDSC,SNDI,SUSS
S10051903,JINK,MTDI,CSSC,MKSC
S10081902,JKWB,BDSC,CWSC,NSOS,TESK
S10070602,JWSS,CESS
S10061801,JWSS,SDSM,JYDK
S08071903,KEWB,BEWB,TBWB,IEWB
S10071004,KLDI,REWB,OLWB,IMSC,DTSK,MHWB
S08071803,KSNC
S10061103,KSNC,MHWB,CLSC,CISC,PEDI,MEDI,TESK,QGSC,OLWB,SLDI,FESK
S10080501,MEDI,BSNC,SESC
S10053105,MEOS
S10072804,MHWB,DGSC,NECF,OLWB,TESK
S08072901,MKSC
S10051008,MKSC,J12C,DGDI,JINK,MTDI,UODC,FNCT
S10051101,MNWB,FNCT,MTDI,JINK
S10052901,MRCR,NHWB
S10051304,MTDI,FNCT,MODI
S10061502,NECF,NHCT
S10041602,NHCT,SESC,MKSC,MRCR,NECF,NHWB
S10041903,NHCT,SNCT,SYSC,BZNK,NECF,GANC
S10052001,NSDK,GYNK,U37N
S10081601,NSDK,J8SC,FASC,GYNK
S10041706,OASC,GBSC,DGDI,MODI
S10051104,PHSC,SNDI,MISS,IYSC
S10040502,PLNC,BNDC,WMSM,LESM,TRSM,HLSM,CSSM,U22S,ORSC
S08071802,PNNC
S08092702,PPSC,RPSC
S08072501,PTSC,FNCT,WMSC,DPSC,REWB,SHSC,BTDI,LOSC,OLWB,IODI,TRSC,RPSC,BNDI
S10051902,RDSS,SOCT,SUSS,BGDI,TENC
S10041902,REWB,SSDI,PWWB
S08080608,RXSC,IHWB,BESC
S08072806,SBSC,MHWB
S10061302,SESC,OESC,GBSC,ANCT,EOSS,OASC
S10051301,SESR,TPSS
S10071005,SHSK,MHWB,FDSC,NHWB,VGSK,FESK,FRSK,IODI,MODI,BRSC,KLDI,MKSC,REWB,PWWB,OLWB,WTSC
S10052601,SMSC
S08111201,SMSC,MNSC
S10050703,SOCT,RDSS
S10041707,SPSC
S10072302,SROS
S10040503,SRSM,BXSM,NESM,KKNK,JDSM
S10080602,SSSC
S10051103,SSSC,DTSK
S10062401,STSC
S10072304,SYNK,BRSC,FESK,MKSC,MKSK,BZNK,DROS
S08072202,SYSC,DEDI,BTDI,CPSC,VFIN,TLFN,BRSC
S08092703,THWB,SESC,DGDI,GEWB
S10042002,TRSM,FFNC,GLDR,WPDR,SXNK
S10052904,U39O,BEOS,PTOS,NTOS,KYOS
S10041701,VGSK,BEDI,FESK,VSSC,FRSK,SLDI,GBSC,OASC
S08091701,VGSK,FESK
S10080403,WESC,DDSC,NHWB,SEDI,BZNK
S10052604,WMSC,VENK,BGDI,FNCT,RDSS,SUSS,SOCT,TENC,MEDI
S10052903,WMSM,CEWB
