S08101601,BTDI,ORWB,PTSC,ERWB,CRWB,CRSC,DPSC,LPWB,SRWB,NASC,CXWB,TDWB,SHSC,BWDI,TBWB,NTWB,RPSC,PPSC,BNDI,SESC,GRSC,JKWB
S08101602,CBWB,INSC,IHWB,KEWB,RNWB,JSWB,IEWB,BESK,THWB
S10040603,CESS,SNCT,CSSC,WESC,BRSC,VENK,BHNK,MENK,KKNK,DENK,FTSC
S10072901,CMDK,RDSS,IYSC,GANC,BZNK,SEDI,CRSC,MODI,OLWB,DGDI,HKNK,NHCT,GYOS,FNCT,IHWB,BTDI,NECF,PEDI
S10062702,CPSC,GANC,SNDI,HKNK,MODI,MKSC,SUSS,CMDK,FNCT,CSSC,NECF,RDSS,SOCT,SYSC,PASS
S10041603,CRSC,GANC,SYNK,MENK,HKNK,DGDI,FNCT,KLDI,MTDI,NECF,CPSC,BZNK
S08071801,CSSC,OESC,SESC
S10052706,DGDI,BSNC,DHDI,MHWB,KLDI,BPSK,RTDI,SDDI,REWB,OLWB,MKSC,J12C
S08080405,DGDI,FNCT,GRSC,DEDI,IODI
S10061901,DHDI,IYSC,NHWB,FRSK,BJSC
S08081101,DPSC,SESC,FRWB,FRSC,TBSC,MNSC,NLSC
S10061004,FFNC,SXNK,BSNC
S10060204,FNCT,JINK,TBSC,MTDI,FTSC,KLDI,LKWB
S10061501,IHWB,GLDR,LLSS,WESS,MNWB,LKWB,BSNC,DENK,WPDR,KLDI,U40S
S08080304,IODI,BRSC,BWDI,BEWB,FNCT,JDSC,FKDI,HTDI,IHWB,BNDI,SDDI,DGDI,CSSC,NTWB,UODC
S10042702,J12C,TOSC,MKSC,RTDI,CXWB
S10062601,JINK,TBSC,FNCT,KLDI,LKWB,MNWB
S08120901,KEWB,BEWB,LKWB,IEWB,TBWB,BNDI
S10062701,LKWB,CMDK,PASS,RDSS,SYSC,NHCT,NECF,TESK,KSNC,FNCT,SOCT,REWB,HKNK,MKSC,J12C,IYSC,CPSC,SEDI,CSSC,MODI,DGDI,OLWB,BGDI,PNNC,SUSS,CRSC,UODC,MHWB,SYNK,PEDI,TBSC
S08091508,LLSS,VLSS,TCSS,BNDC,J6SS,BSNC,STDC,BESK
S08072103,NHCT
S08102503,PHSC,BWDI,SLDI,DPSC,BEDI,PNNC,CASC
S10061503,PLNC,BNDC,SDCR,FNCR
S08081502,PNNC,OLWB,MHWB,DPSC,UODC
S08071703,PTSC,DPSC,PPSC,INSC,CRSC
S10072303,RDSS,SOCT,TEOS,UAOS
S08080305,REWB,PTSC,LKWB,MHWB,OLWB,LOSC,GRSC
S10060205,RPSC,NYSC,SXNK,PHSC,FFNC,FNCT,KLDI,MODI
S08100701,RRSR,WKSR
S10041801,RTDI,RDSS,SSDI,OLWB,TOSC,GESC,SOCT
S08092602,SESR,TPSS,RKSS,GNSK,TCSS,MLSS,TASS,Y8SS,SOCT
S10050602,SNCT,CPSC,J12C,BRSC,SYNK,MODI,FGSC,SOCT,RDSS,DDSC,MKSC,NHWB,SNDI,MISS,CSSC,MRCR
S10041702,SNCT,SNDI
S10072802,SYNK,DPSC
S08071902,SYSC,KSNC,SESC,FTSC,CASC,SPSC,TLFN
S08101002,TBSC,NLSC,LKWB,JINK,AWWB,GYNK
S08100302,TBSC,RDSS,JINK
S08080303,VFIN,BNDC,FYDC,NSDK,PNNC,UODC,TLFN,STSC
S08081805,VGSK,FESK,HDSK,SESK,PTSK,BESK,GLDR,FRSK,GNSK,CRSC,BCSK,SOCT
