S10042201,AEOS,CROS,TMOS,CEOS,CHOS,HEOS,SRSM,DEOS,HROS,QNOS,MMOS,WSOS,U33O
S08072804,BDSC
S08091505,BESK
S10051901,BJSC,FFNC,EOSS
S10052703,BLSM
S10072803,BRSC
S08072603,BRSC
S10052801,BSNC,BNDC,WESS,CWSS,PXOS
S10060203,WMSC,BTDI,BGDI,TNDI,SPSC,SSSC,PNSC
S10061001,PLNC
S10061102,CCNC,FFNC,SXNK,GYOS,LWNK,Y10N
S10041103,CESC,WESC,NYSC
S10060901,CESS,JWSS,DGSC,SDSM
S08100702,CESS,MISS,BSNC
S10040604,CMDK,BRSC,SYSC
S10051007,CPSC
S10042001,CPSC,HKNK,HSSC,IMSC,GESC,FASC
S10070802,CPSC,NOSM,FGSC,BZNK,MEDI,SPSC,SEDI,MLSC,BWDI,MHWB,UODC,PNNC
S10052704,CPSC,ZTWB,PDNK,AXOS,TMDK,BYOS,DROS,HNOS,EOOS
S10072805,CRSC,GANC,NECF,MODI,BGDI,BRSC,SOCT,RDSS,CMDK,JDSC
S10051201,CRSC,PASS
S08092802,CSSC,BRSC
S10070803,DDSC,DGSC,CSSC
S10041904,DDSC,NECF,BZNK,NHCT
S10051002,DDSC,WESC
S10050702,DENK,CWSS,MKSK,FKSK,TPSS,WPDR
S08072802,DPSC,FNCT,PHSC,LKWB,SBSC,OLWB,FGSC,DGDI,BRSC,MHWB
S10051102,DPSC,KSNC,MEDI
S10062301,ERCT,GYOS,SNCT
S10050603,FESK,SSSC,VGSK,DTSK
S08081702,FFNC,WDDR,GLDR
S10071502,FGSC,MRCR,NHWB,CSSC,DDSC
S08093007,FNCT,DEDI,DGDI,SESC,JDSC
S10042301,FTSC,CESS
S10052802,FTSC,WESK,VENK
S10060903,GBSC,HKNK
S10062303,GBSC,OASC,SPSC
S10053106,GEWB,GLDR
S08101003,GLDR
S10060102,GLDR,SESS
S10051001,GYNK,FASC,NSDK
S08101101,HKNK,CWSC,CPSC
S10051601,HKNK,FNCT,MNWB,MTDI,MKSC,J12C,DGDI,SYSC,BGDI,SOCT,RDSS
S10051006,HKNK,VGSK,DTSK,FESK,FDSK,SSSC,CESC,NYSC
S10042202,HLSM
S10051108,HSSC,BGDI
S10052605,IMSC,CRSC,BSNC,HKNK,HSSC,ANCT
S10080504,J8SC,CBWB,TRSC,NOSM
S08100303,JDSC,SNDI,SUSS
S10051903,JINK,MTDI,CSSC,MKSC
S10081902,JKWB,BDSC,CWSC,NSOS,TESK
S10070602,JWSS,CESS
S10061801,JWSS,SDSM,JYDK
S08071903,KEWB,BEWB,TBWB,IEWB
S10071004,KLDI,REWB,OLWB,IMSC,DTSK,MHWB
S08071803,KSNC
S10061103,KSNC,MHWB,CLSC,CISC,PEDI,MEDI,TESK,QGSC,OLWB,SLDI,FESK
S10080501,MEDI,BSNC,SESC
S10053105,MEOS
S10072804,MHWB,DGSC,NECF,OLWB,TESK
S08072901,MKSC
S10051008,MKSC,J12C,DGDI,JINK,MTDI,UODC,FNCT
S10051101,MNWB,FNCT,MTDI,JINK
S10052901,MRCR,NHWB
S10051304,MTDI,FNCT,MODI
S10061502,NECF,NHCT
S10041602,NHCT,SESC,MKSC,MRCR,NECF,NHWB
S10041903,NHCT,SNCT,SYSC,BZNK,NECF,GANC
S10052001,NSDK,GYNK,U37N
S10081601,NSDK,J8SC,FASC,GYNK
S10041706,OASC,GBSC,DGDI,MODI
S10051104,PHSC,SNDI,MISS,IYSC
S10040502,PLNC,BNDC,WMSM,LESM,TRSM,HLSM,CSSM,U22S,ORSC
S08071802,PNNC
S08092702,PPSC,RPSC
S08072501,PTSC,FNCT,WMSC,DPSC,REWB,SHSC,BTDI,LOSC,OLWB,IODI,TRSC,RPSC,BNDI
S10051902,RDSS,SOCT,SUSS,BGDI,TENC
S10041902,REWB,SSDI,PWWB
S08080608,RXSC,IHWB,BESC
S08072806,SBSC,MHWB
S10061302,SESC,OESC,GBSC,ANCT,EOSS,OASC
S10051301,SESR,TPSS
S10071005,SHSK,MHWB,FDSC,NHWB,VGSK,FESK,FRSK,IODI,MODI,BRSC,KLDI,MKSC,REWB,PWWB,OLWB,WTSC
S10052601,SMSC
S08111201,SMSC,MNSC
S10050703,SOCT,RDSS
S10041707,SPSC
S10072302,SROS
S10040503,SRSM,BXSM,NESM,KKNK,JDSM
S10080602,SSSC
S10051103,SSSC,DTSK
S10062401,STSC
S10072304,SYNK,BRSC,FESK,MKSC,MKSK,BZNK,DROS
S08072202,SYSC,DEDI,BTDI,CPSC,VFIN,TLFN,BRSC
S08092703,THWB,SESC,DGDI,GEWB
S10042002,TRSM,FFNC,GLDR,WPDR,SXNK
S10052904,U39O,BEOS,PTOS,NTOS,KYOS
S10041701,VGSK,BEDI,FESK,VSSC,FRSK,SLDI,GBSC,OASC
S08091701,VGSK,FESK
S10080403,WESC,DDSC,NHWB,SEDI,BZNK
S10052604,WMSC,VENK,BGDI,FNCT,RDSS,SUSS,SOCT,TENC,MEDI
S10052903,WMSM,CEWB
